{
  "averageFitnessTotalPopulation" : [
    0.17314431864655724,
    0.20181322916006797,
    0.17177605406625895,
    0.16091290231372368,
    0.18179894503788024,
    0.1600610250696615,
    0.16715483924990623,
    0.1790688839514059,
    0.17919449606852073,
    0.17838948902230098,
    0.1829788875776911,
    0.1809642929063276,
    0.16194069583731446,
    0.16689529797819072,
    0.17836785011375855,
    0.18181477249440087,
    0.18027676266041887,
    0.17670966016568432,
    0.16668263234051303,
    0.17631367314884927
  ],
  "averageFitnessNewPopulation" : [
    0.17878717646682665,
    0.21213188203370145,
    0.18844250251249423,
    0.18509579632219195,
    0.21916576511563415,
    0.16925528932478237,
    0.1953129023501421,
    0.21162723848400045,
    0.19857852077240484,
    0.20114472065576844,
    0.2015357882489488,
    0.19995225003830605,
    0.18180554246078806,
    0.1943045287126533,
    0.202414406029829,
    0.20511943304105534,
    0.20638286175842024,
    0.19664833293953982,
    0.19151905766166305,
    0.20178992077408553
  ]
}