{
  "averageFitnessTotalPopulation" : [
    0.37156804283946016,
    0.4402214506890859,
    0.42504873102300716,
    0.49638341100141137,
    0.41281870764473105,
    0.4130145132984113,
    0.4321941651340165,
    0.4377708329263469,
    0.41557534736441315,
    0.41171546677582505,
    0.4393779381144447,
    0.4220759959778767,
    0.45849325330314816,
    0.4392515578148991,
    0.40786828438216227,
    0.37913904801328197,
    0.42499358252825814,
    0.44072007411503583,
    0.3812977612932606,
    0.39387563377284435,
    0.42186731023756296,
    0.4627640216479266,
    0.45426220005209983,
    0.4805353622900827,
    0.47478363719765254,
    0.4290413155184723,
    0.41967030530504,
    0.4572633246253255,
    0.37290103382260564,
    0.4649165890913401,
    0.43037783088032533,
    0.4140201931902558,
    0.44827015049675456,
    0.38980632509942376,
    0.4440501960784985,
    0.4430791674444787,
    0.5087408526924542,
    0.3962380463542512,
    0.413502005313812,
    0.42068890115037727,
    0.45016971661821603,
    0.46252305872882393,
    0.3636586828710074,
    0.39368694156932676,
    0.4366707470060218,
    0.39764046495760924,
    0.43698099121678846,
    0.4171862855407292,
    0.4217250747585416,
    0.4280973477691852
  ],
  "averageFitnessNewPopulation" : [
    0.38023970761584813,
    0.454048537315028,
    0.4675512272272678,
    0.5158097941874107,
    0.4104101299705782,
    0.45116237284016353,
    0.44053303734420873,
    0.45624399901880996,
    0.4401709532454662,
    0.4347385692700305,
    0.4469433421717074,
    0.44207149596212636,
    0.46989914209722106,
    0.46846518303503426,
    0.42811127272982896,
    0.40866831313565555,
    0.45140650562437734,
    0.4675666438081206,
    0.41124123129133616,
    0.41742014532934135,
    0.4303169034531321,
    0.4829322820245719,
    0.47260827673611755,
    0.5118033299077768,
    0.48912046669101716,
    0.46452647384373635,
    0.4437617222885617,
    0.4600522170376961,
    0.3991324929416951,
    0.48736040310893697,
    0.44098937508365826,
    0.4688384403763176,
    0.4557220617695671,
    0.4236079655209263,
    0.466192529402921,
    0.478280128510381,
    0.5205757217940123,
    0.4105663211106327,
    0.43630146557682803,
    0.44694585121162456,
    0.45745191529383195,
    0.48583065415085736,
    0.38334724327005726,
    0.4015839840702773,
    0.49157305190433737,
    0.4206050344016289,
    0.4585349747130943,
    0.43134459522479035,
    0.45222270476099374,
    0.43415426904600335
  ]
}