{
  "averageFitnessTotalPopulation" : [
    0.2703809237204414,
    0.28675317905618863,
    0.29440882816513075,
    0.30031812678951253,
    0.29556786738449703,
    0.3044611630804327,
    0.307303776827473,
    0.29521726379143065,
    0.3288471444808451,
    0.31389155703998345,
    0.3214410388437159,
    0.30997306096805965,
    0.3203381715206618,
    0.3066380361209918,
    0.3130572604998183,
    0.3231809937614931,
    0.33982236086253087,
    0.284774767748726,
    0.31433272720795874,
    0.3064630477285755,
    0.30946932610501254,
    0.30551251824379383,
    0.3197530428541632,
    0.284349604656874,
    0.30355195520228545,
    0.3054127784376811,
    0.3132125465460131,
    0.3109240649526903,
    0.3314368539313167,
    0.28273703617336127,
    0.3059468401235181,
    0.32201915655572405,
    0.341486479242965,
    0.31175129782940153,
    0.31039148417453644,
    0.31189775432857203,
    0.2943369178539751,
    0.3244001825571722,
    0.33369131336960534,
    0.3135156733407236,
    0.30464188323037283,
    0.2961932982421408,
    0.30881226314104787,
    0.3006166368564871,
    0.3277226286582046,
    0.3007695393241219,
    0.3186983445058713,
    0.31057382229345787,
    0.2983549479321894,
    0.2976044618636816
  ],
  "averageFitnessNewPopulation" : [
    0.291006724202777,
    0.3008188457113625,
    0.29886124413319787,
    0.3155786556509119,
    0.29632346093550554,
    0.3221823829808512,
    0.32349009558782243,
    0.3034781183935661,
    0.34508248334160097,
    0.3279084011098677,
    0.32957332705890463,
    0.3210496057096241,
    0.33569716376558645,
    0.32007916164480665,
    0.32296362401894385,
    0.34656998924632665,
    0.3426441554907492,
    0.29782712987404303,
    0.32682100895077804,
    0.32468787272156935,
    0.32317638724504405,
    0.3085659216152683,
    0.3282942612151378,
    0.2967450638189908,
    0.31608377752175343,
    0.32708889066237157,
    0.32636078313032507,
    0.31795114164763916,
    0.3453763161699901,
    0.29949402213161613,
    0.3176590824782239,
    0.3479696038652406,
    0.35902604977931024,
    0.308510106532838,
    0.333710908216616,
    0.31464033732445096,
    0.31302632968240374,
    0.3381436405648216,
    0.34576791520038624,
    0.3252098466079304,
    0.32634990108629586,
    0.30900772863851933,
    0.31256875373229354,
    0.3148350076592926,
    0.3461777994818956,
    0.3076338173484884,
    0.3403948045114866,
    0.313874721114318,
    0.3153324304245845,
    0.31341394473450296
  ]
}