{
  "averageFitnessTotalPopulation" : [
    0.24491189269139269,
    0.28075153454284185,
    0.27868750528844954,
    0.2734745599001743,
    0.2556448778645583,
    0.2035015269441401,
    0.1637256657447718,
    0.1798840420867268,
    0.1664332657352156,
    0.16595568338687738,
    0.1881194193703049,
    0.18751236115932648,
    0.17428570545882704,
    0.17230498043514791,
    0.17375217781348273,
    0.16985837516837993,
    0.17291322807165013,
    0.17879469153550046,
    0.16278074395102665,
    0.16260064437813102,
    0.16657498904467144,
    0.17513426129110754,
    0.18442635063647983,
    0.17206552965398347,
    0.15894823781685416,
    0.16067724531059982,
    0.17058437556481235,
    0.16941455510781284,
    0.16857180918763065,
    0.16593558027931993,
    0.16529745407197213,
    0.16410796622356294,
    0.16276387388560307,
    0.16107742069383435,
    0.16292806766302628,
    0.16107337452496812,
    0.16158457544780383,
    0.1643108428612216,
    0.16280536599077686,
    0.16228122978357135,
    0.16565143576007965,
    0.17188710916582442,
    0.16584076667668504,
    0.16794520473236435,
    0.1676520135655884,
    0.16140800722423793,
    0.1653181705517398,
    0.16606250370903727,
    0.16213311807300906,
    0.16346506419578322
  ],
  "averageFitnessNewPopulation" : [
    0.29696720449023545,
    0.2707096984577116,
    0.289170960895519,
    0.2649081192719248,
    0.25044299876609794,
    0.18177804370866582,
    0.18334335011870578,
    0.1914556247030448,
    0.1839739830470374,
    0.1861216173429851,
    0.20958471622772917,
    0.2036568621155304,
    0.18437255845301168,
    0.19829025292163188,
    0.187479101591949,
    0.18912737202939484,
    0.20157670896385005,
    0.19181176126787153,
    0.1797481371930141,
    0.18714606971405695,
    0.1856912753737071,
    0.20196961382619555,
    0.20891689219413195,
    0.17766905893916746,
    0.17830548366281487,
    0.1811524087713665,
    0.19946640578323446,
    0.18229028786553508,
    0.18986486034434297,
    0.1822939652916747,
    0.18660929879436303,
    0.18280155609613122,
    0.1819449225672621,
    0.18155490252926365,
    0.18311074879797745,
    0.18108644619892256,
    0.1816840263810519,
    0.18415088199343618,
    0.18161837203692296,
    0.182925612124726,
    0.18461960360058705,
    0.1912328664633723,
    0.18183288783427193,
    0.18798365636401942,
    0.18749175117733105,
    0.17878743351136475,
    0.18585771425019343,
    0.18498228059716168,
    0.181648493704817,
    0.18370856726422438
  ]
}