{
  "averageFitnessTotalPopulation" : [
    0.47177277671041823,
    0.46664545460400014,
    0.4808214788643421,
    0.5447196519765793,
    0.5228306484262477,
    0.5120159517177251,
    0.472094777070086,
    0.45895084488353366,
    0.5103797064665202,
    0.4755079761485707,
    0.5691703909665988,
    0.48945507689504736,
    0.5000769640584484,
    0.40563898062960707,
    0.2959128213157975,
    0.4097837205567753,
    0.45182649010986764,
    0.3799058698444356,
    0.4296547471806432,
    0.3963509607882217,
    0.4029606681608285,
    0.4510898472682834,
    0.43994134416040054,
    0.4742944459356199,
    0.5058228570898413,
    0.44871846266738763,
    0.511793692939533,
    0.4616371213619044,
    0.4761676438443231,
    0.5015614071949992,
    0.4738991404098439,
    0.4700304814558712,
    0.4912050644420137,
    0.41212277190895635,
    0.38602964443674814,
    0.44185389912646295,
    0.500804797917231,
    0.4865099647026599,
    0.39470722122550456,
    0.31800902839700684,
    0.3911133257939438,
    0.44849042515197346,
    0.3684805498575906,
    0.5027343424023613,
    0.4574900227534095,
    0.33848489795478953,
    0.3472794954883154,
    0.4714930309328358,
    0.5352585409726053,
    0.4535600969537511
  ],
  "averageFitnessNewPopulation" : [
    0.5439634066789412,
    0.47161641807865434,
    0.5540878109694449,
    0.5536641150971414,
    0.5427158222765363,
    0.5332020364383353,
    0.4817464667887579,
    0.48346444944242356,
    0.5370340279205078,
    0.4968197699354675,
    0.6169223293323739,
    0.5111381494253212,
    0.5370217551817288,
    0.40872797420751206,
    0.33840614537814406,
    0.510773250504447,
    0.47229595273998815,
    0.4206629199612472,
    0.4788547232636337,
    0.43086543084456824,
    0.4406662702442731,
    0.5050474448461071,
    0.48272492790608185,
    0.5007599670941252,
    0.517708441961002,
    0.4675609471711009,
    0.5775573253021411,
    0.48454699677549395,
    0.5236435767835909,
    0.5308277342618049,
    0.4996404687375795,
    0.5072198540860726,
    0.5305322018673,
    0.4251269499276798,
    0.43044612017489287,
    0.5066843212978807,
    0.5126786709507882,
    0.5237989795752256,
    0.39483800898016064,
    0.3349915228729082,
    0.4562595276638231,
    0.48195849111112027,
    0.3856446855385173,
    0.5552494967864104,
    0.46171254649345483,
    0.34669523037780375,
    0.4167051760878845,
    0.5026563132804273,
    0.5700831944760094,
    0.4695971855431416
  ]
}